<?xml version="1.0" encoding="UTF-8" standalone="no"?><xmap-styles xmlns="urn:xmind:xmap:xmlns:style:2.0" xmlns:fo="http://www.w3.org/1999/XSL/Format" xmlns:svg="http://www.w3.org/2000/svg" version="2.0"><automatic-styles><style id="7ctc6kij87uetfsc1j8kbifsau" name="" type="topic"><topic-properties border-line-color="#262626" border-line-width="1pt" fo:color="#FFFFFF" fo:font-family="Times New Roman" fo:font-size="11pt" fo:font-style="normal" fo:font-weight="normal" fo:text-align="center" fo:text-decoration="none" fo:text-transform="manual" line-class="org.xmind.branchConnection.curve" line-color="#FFFFFF" line-width="1pt" shape-class="org.xmind.topicShape.roundedRect" svg:fill="#404040"/></style><style id="239guooq824v5krifu9kvhsojh" name="" type="summary"><summary-properties line-color="#C3D69B" line-width="5pt" shape-class="org.xmind.summaryShape.square"/></style><style id="3u060gmqcuk50t6rjf57d7e0gs" name="" type="boundary"><boundary-properties fo:color="#FFFFFF" fo:font-family="Georgia" fo:font-size="10pt" fo:font-style="italic" line-color="#A6A6A6" line-pattern="dot" line-width="3pt" shape-class="org.xmind.boundaryShape.roundedRect" svg:fill="#595959" svg:opacity=".4"/></style><style id="4nc5ae55a9sdgvjd7k843qsfb0" name="" type="topic"><topic-properties border-line-width="0pt" callout-shape-class="org.xmind.calloutTopicShape.balloon.rectangle" fo:color="#FFFFFF" fo:font-family="Open Sans" fo:font-size="8pt" fo:font-style="italic" fo:font-weight="normal" fo:text-align="center" fo:text-decoration="none" fo:text-transform="manual" line-class="org.xmind.branchConnection.none" svg:fill="#262626"/></style><style id="4pgir3jgmvg48o6lflfjtde268" name="" type="topic"><topic-properties border-line-color="#FFFFFF" border-line-width="1pt" fo:color="#FFFFFF" fo:font-family="Times New Roman" fo:font-size="11pt" fo:font-style="normal" fo:font-weight="normal" fo:text-align="center" fo:text-decoration="none" fo:text-transform="manual" line-class="org.xmind.branchConnection.curve" line-color="#FFFFFF" line-width="1pt" shape-class="org.xmind.topicShape.underline" svg:fill="none"/></style><style id="1uluebubrars3cslb7vrnpvldh" name="" type="topic"><topic-properties border-line-color="#262626" border-line-width="1pt" fo:color="#FFFFFF" fo:font-family="Times New Roman" fo:font-size="11pt" fo:font-style="normal" fo:font-weight="normal" fo:text-align="center" fo:text-decoration="none" fo:text-transform="manual" line-class="org.xmind.branchConnection.curve" line-color="#FFFFFF" line-width="1pt" shape-class="org.xmind.topicShape.roundedRect" svg:fill="#404040"/></style><style id="6p8d79n4k8tgs5hf3ejtdi9qhm" name="" type="topic"><topic-properties border-line-width="0pt" fo:color="#FFFFFF" fo:font-family="Georgia" fo:font-size="10pt" fo:font-style="italic" line-class="org.xmind.branchConnection.curve" shape-class="org.xmind.topicShape.roundedRect" svg:fill="#77933C"/></style><style id="3mbka2irenfv5ob6nj89i3hefk" name="" type="topic"><topic-properties border-line-width="0pt" fo:color="#FFFFFF" fo:font-family="Open Sans" fo:font-size="8pt" fo:font-style="italic" fo:font-weight="normal" fo:text-align="center" line-class="org.xmind.branchConnection.none" line-width="0pt" shape-class="org.xmind.topicShape.roundedRect" svg:fill="none"/></style><style id="1vf6ig39f7hj9a0rn8ta9rf69b" name="" type="relationship"><relationship-properties arrow-end-class="org.xmind.arrowShape.triangle" fo:color="#595959" fo:font-family="Georgia" fo:font-size="10pt" fo:font-style="italic" fo:font-weight="normal" fo:text-decoration="none" line-color="#77933C" line-pattern="dash" line-width="3pt"/></style><style id="10q9bgal4r3841u8g6un4e1smv" name="" type="map"><map-properties color-gradient="none" line-tapered="none" multi-line-colors="none" svg:fill="#262626" svg:opacity=".5"/></style><style id="4bpkrisoto0ipkj4lc3ug8s3b4" name="" type="topic"><topic-properties border-line-color="#262626" border-line-width="1pt" fo:color="#FFFFFF" fo:font-family="Times New Roman" fo:font-size="11pt" fo:font-style="normal" fo:font-weight="normal" fo:text-align="center" fo:text-decoration="none" fo:text-transform="manual" line-class="org.xmind.branchConnection.curve" line-color="#FFFFFF" line-width="1pt" shape-class="org.xmind.topicShape.roundedRect" svg:fill="#404040"/></style><style id="5dhv11ra4mbo2u5bdfpkr6d38b" name="" type="summary"><summary-properties line-color="#C3D69B" line-width="5pt" shape-class="org.xmind.summaryShape.square"/></style><style id="63733tqfj2bqhapon4sgcqt24t" name="" type="boundary"><boundary-properties fo:color="#FFFFFF" fo:font-family="Georgia" fo:font-size="10pt" fo:font-style="italic" line-color="#A6A6A6" line-pattern="dot" line-width="3pt" shape-class="org.xmind.boundaryShape.roundedRect" svg:fill="#595959" svg:opacity=".4"/></style><style id="7qnok4vonteqbsap7mgoulh0d2" name="" type="topic"><topic-properties border-line-width="0pt" callout-shape-class="org.xmind.calloutTopicShape.balloon.rectangle" fo:color="#FFFFFF" fo:font-family="Open Sans" fo:font-size="8pt" fo:font-style="italic" fo:font-weight="normal" fo:text-align="center" fo:text-decoration="none" fo:text-transform="manual" line-class="org.xmind.branchConnection.none" svg:fill="#262626"/></style><style id="2v4holgad1vfb9a7j16u5nch07" name="" type="topic"><topic-properties border-line-color="#FFFFFF" border-line-width="1pt" fo:color="#FFFFFF" fo:font-family="Times New Roman" fo:font-size="11pt" fo:font-style="normal" fo:font-weight="normal" fo:text-align="center" fo:text-decoration="none" fo:text-transform="manual" line-class="org.xmind.branchConnection.curve" line-color="#FFFFFF" line-width="1pt" shape-class="org.xmind.topicShape.underline" svg:fill="none"/></style><style id="68597394280stleo91m4cvndrf" name="" type="topic"><topic-properties border-line-color="#262626" border-line-width="1pt" fo:color="#FFFFFF" fo:font-family="Times New Roman" fo:font-size="11pt" fo:font-style="normal" fo:font-weight="normal" fo:text-align="center" fo:text-decoration="none" fo:text-transform="manual" line-class="org.xmind.branchConnection.curve" line-color="#FFFFFF" line-width="1pt" shape-class="org.xmind.topicShape.roundedRect" svg:fill="#404040"/></style><style id="7ls75dbkcis8kdh6arrudsfhq5" name="" type="topic"><topic-properties border-line-width="0pt" fo:color="#FFFFFF" fo:font-family="Georgia" fo:font-size="10pt" fo:font-style="italic" line-class="org.xmind.branchConnection.curve" shape-class="org.xmind.topicShape.roundedRect" svg:fill="#77933C"/></style><style id="7hec8hctsvb577u3al54cc1jq3" name="" type="topic"><topic-properties border-line-width="0pt" fo:color="#FFFFFF" fo:font-family="Open Sans" fo:font-size="8pt" fo:font-style="italic" fo:font-weight="normal" fo:text-align="center" line-class="org.xmind.branchConnection.none" line-width="0pt" shape-class="org.xmind.topicShape.roundedRect" svg:fill="none"/></style><style id="5uqd94dd62f0forouc4jgd91v5" name="" type="relationship"><relationship-properties arrow-end-class="org.xmind.arrowShape.triangle" fo:color="#595959" fo:font-family="Georgia" fo:font-size="10pt" fo:font-style="italic" fo:font-weight="normal" fo:text-decoration="none" line-color="#77933C" line-pattern="dash" line-width="3pt"/></style><style id="1g68k1ksh282lq9vg5liu3ekl1" name="" type="map"><map-properties color-gradient="none" line-tapered="none" multi-line-colors="none" svg:fill="#262626" svg:opacity=".5"/></style><style id="07fq3u8rikpbstfv3nti4nbki4" name="" type="topic"><topic-properties border-line-color="#262626" border-line-width="1pt" fo:color="#FFFFFF" fo:font-family="Times New Roman" fo:font-size="11pt" fo:font-style="normal" fo:font-weight="normal" fo:text-align="center" fo:text-decoration="none" fo:text-transform="manual" line-class="org.xmind.branchConnection.curve" line-color="#FFFFFF" line-width="1pt" shape-class="org.xmind.topicShape.roundedRect" svg:fill="#404040"/></style><style id="10fvets4ijtflh54kg8rjk7ie0" name="" type="summary"><summary-properties line-color="#C3D69B" line-width="5pt" shape-class="org.xmind.summaryShape.square"/></style><style id="4mcbmc319dn7q5msti69r4bl3s" name="" type="boundary"><boundary-properties fo:color="#FFFFFF" fo:font-family="Georgia" fo:font-size="10pt" fo:font-style="italic" line-color="#A6A6A6" line-pattern="dot" line-width="3pt" shape-class="org.xmind.boundaryShape.roundedRect" svg:fill="#595959" svg:opacity=".4"/></style><style id="4sjh49nrcvqivhfli0v77qfgaj" name="" type="topic"><topic-properties border-line-width="0pt" callout-shape-class="org.xmind.calloutTopicShape.balloon.rectangle" fo:color="#FFFFFF" fo:font-family="Open Sans" fo:font-size="8pt" fo:font-style="italic" fo:font-weight="normal" fo:text-align="center" fo:text-decoration="none" fo:text-transform="manual" line-class="org.xmind.branchConnection.none" svg:fill="#262626"/></style><style id="6agll8hhn955t7esmr0s3cmsac" name="" type="topic"><topic-properties border-line-color="#FFFFFF" border-line-width="1pt" fo:color="#FFFFFF" fo:font-family="Times New Roman" fo:font-size="11pt" fo:font-style="normal" fo:font-weight="normal" fo:text-align="center" fo:text-decoration="none" fo:text-transform="manual" line-class="org.xmind.branchConnection.curve" line-color="#FFFFFF" line-width="1pt" shape-class="org.xmind.topicShape.underline" svg:fill="none"/></style><style id="7t2p8f7td5pjfvsusbsrbajsvm" name="" type="topic"><topic-properties border-line-color="#262626" border-line-width="1pt" fo:color="#FFFFFF" fo:font-family="Times New Roman" fo:font-size="11pt" fo:font-style="normal" fo:font-weight="normal" fo:text-align="center" fo:text-decoration="none" fo:text-transform="manual" line-class="org.xmind.branchConnection.curve" line-color="#FFFFFF" line-width="1pt" shape-class="org.xmind.topicShape.roundedRect" svg:fill="#404040"/></style><style id="3qvshua74g60m407l988eh20pr" name="" type="topic"><topic-properties border-line-width="0pt" fo:color="#FFFFFF" fo:font-family="Georgia" fo:font-size="10pt" fo:font-style="italic" line-class="org.xmind.branchConnection.curve" shape-class="org.xmind.topicShape.roundedRect" svg:fill="#77933C"/></style><style id="2pf6ugsc6bj0aun08lbu55lrio" name="" type="topic"><topic-properties border-line-width="0pt" fo:color="#FFFFFF" fo:font-family="Open Sans" fo:font-size="8pt" fo:font-style="italic" fo:font-weight="normal" fo:text-align="center" line-class="org.xmind.branchConnection.none" line-width="0pt" shape-class="org.xmind.topicShape.roundedRect" svg:fill="none"/></style><style id="10g0fccibt3is0n7l1p2a9s47s" name="" type="relationship"><relationship-properties arrow-end-class="org.xmind.arrowShape.triangle" fo:color="#595959" fo:font-family="Georgia" fo:font-size="10pt" fo:font-style="italic" fo:font-weight="normal" fo:text-decoration="none" line-color="#77933C" line-pattern="dash" line-width="3pt"/></style><style id="5e9l655eek70toim9q1imp2q6f" name="" type="map"><map-properties color-gradient="none" line-tapered="none" multi-line-colors="none" svg:fill="#262626" svg:opacity=".5"/></style><style id="1pejg322h97l551s1mjcr89pu0" name="" type="topic"><topic-properties border-line-color="#262626" border-line-width="1pt" fo:color="#FFFFFF" fo:font-family="Times New Roman" fo:font-size="11pt" fo:font-style="normal" fo:font-weight="normal" fo:text-align="center" fo:text-decoration="none" fo:text-transform="manual" line-class="org.xmind.branchConnection.curve" line-color="#FFFFFF" line-width="1pt" shape-class="org.xmind.topicShape.roundedRect" svg:fill="#404040"/></style><style id="5snosovv5k2di0hb9gt5i1r8ja" name="" type="summary"><summary-properties line-color="#C3D69B" line-width="5pt" shape-class="org.xmind.summaryShape.square"/></style><style id="1qsjm56ev5rihk4ol6bbn936d1" name="" type="boundary"><boundary-properties fo:color="#FFFFFF" fo:font-family="Georgia" fo:font-size="10pt" fo:font-style="italic" line-color="#A6A6A6" line-pattern="dot" line-width="3pt" shape-class="org.xmind.boundaryShape.roundedRect" svg:fill="#595959" svg:opacity=".4"/></style><style id="4o3a6kogmk7agfh4vhmqo0v8t8" name="" type="topic"><topic-properties border-line-width="0pt" callout-shape-class="org.xmind.calloutTopicShape.balloon.rectangle" fo:color="#FFFFFF" fo:font-family="Open Sans" fo:font-size="8pt" fo:font-style="italic" fo:font-weight="normal" fo:text-align="center" fo:text-decoration="none" fo:text-transform="manual" line-class="org.xmind.branchConnection.none" svg:fill="#262626"/></style><style id="2npv90mrbo0dvoph1jjtls1pqq" name="" type="topic"><topic-properties border-line-color="#FFFFFF" border-line-width="1pt" fo:color="#FFFFFF" fo:font-family="Times New Roman" fo:font-size="11pt" fo:font-style="normal" fo:font-weight="normal" fo:text-align="center" fo:text-decoration="none" fo:text-transform="manual" line-class="org.xmind.branchConnection.curve" line-color="#FFFFFF" line-width="1pt" shape-class="org.xmind.topicShape.underline" svg:fill="none"/></style><style id="1tre2vnjvohlj0u2vaa6rtor49" name="" type="topic"><topic-properties border-line-color="#262626" border-line-width="1pt" fo:color="#FFFFFF" fo:font-family="Times New Roman" fo:font-size="11pt" fo:font-style="normal" fo:font-weight="normal" fo:text-align="center" fo:text-decoration="none" fo:text-transform="manual" line-class="org.xmind.branchConnection.curve" line-color="#FFFFFF" line-width="1pt" shape-class="org.xmind.topicShape.roundedRect" svg:fill="#404040"/></style><style id="1kphi82gvrnvbbui9drgs7k5au" name="" type="topic"><topic-properties border-line-width="0pt" fo:color="#FFFFFF" fo:font-family="Georgia" fo:font-size="10pt" fo:font-style="italic" line-class="org.xmind.branchConnection.curve" shape-class="org.xmind.topicShape.roundedRect" svg:fill="#77933C"/></style><style id="3hd4efdg9vb4td3i70tk88idhn" name="" type="topic"><topic-properties border-line-width="0pt" fo:color="#FFFFFF" fo:font-family="Open Sans" fo:font-size="8pt" fo:font-style="italic" fo:font-weight="normal" fo:text-align="center" line-class="org.xmind.branchConnection.none" line-width="0pt" shape-class="org.xmind.topicShape.roundedRect" svg:fill="none"/></style><style id="6oqno5fsgs1ld72ef9u6ab8q53" name="" type="relationship"><relationship-properties arrow-end-class="org.xmind.arrowShape.triangle" fo:color="#595959" fo:font-family="Georgia" fo:font-size="10pt" fo:font-style="italic" fo:font-weight="normal" fo:text-decoration="none" line-color="#77933C" line-pattern="dash" line-width="3pt"/></style><style id="4uujll01dirqlgcpd2eh0hniq7" name="" type="map"><map-properties color-gradient="none" line-tapered="none" multi-line-colors="none" svg:fill="#262626" svg:opacity=".5"/></style></automatic-styles><master-styles><style id="18gihc3j41ie3t27um9eg7dcvh" name="Theme 2" type="theme"><theme-properties><default-style style-family="subTopic" style-id="7ctc6kij87uetfsc1j8kbifsau"/><default-style style-family="summary" style-id="239guooq824v5krifu9kvhsojh"/><default-style style-family="boundary" style-id="3u060gmqcuk50t6rjf57d7e0gs"/><default-style style-family="calloutTopic" style-id="4nc5ae55a9sdgvjd7k843qsfb0"/><default-style style-family="mainTopic" style-id="4pgir3jgmvg48o6lflfjtde268"/><default-style style-family="centralTopic" style-id="1uluebubrars3cslb7vrnpvldh"/><default-style style-family="summaryTopic" style-id="6p8d79n4k8tgs5hf3ejtdi9qhm"/><default-style style-family="floatingTopic" style-id="3mbka2irenfv5ob6nj89i3hefk"/><default-style style-family="relationship" style-id="1vf6ig39f7hj9a0rn8ta9rf69b"/><default-style style-family="map" style-id="10q9bgal4r3841u8g6un4e1smv"/></theme-properties></style><style id="3f1a763c722hdcr8bnodk70uco" name="Theme 2" type="theme"><theme-properties><default-style style-family="subTopic" style-id="4bpkrisoto0ipkj4lc3ug8s3b4"/><default-style style-family="summary" style-id="5dhv11ra4mbo2u5bdfpkr6d38b"/><default-style style-family="boundary" style-id="63733tqfj2bqhapon4sgcqt24t"/><default-style style-family="calloutTopic" style-id="7qnok4vonteqbsap7mgoulh0d2"/><default-style style-family="mainTopic" style-id="2v4holgad1vfb9a7j16u5nch07"/><default-style style-family="centralTopic" style-id="68597394280stleo91m4cvndrf"/><default-style style-family="summaryTopic" style-id="7ls75dbkcis8kdh6arrudsfhq5"/><default-style style-family="floatingTopic" style-id="7hec8hctsvb577u3al54cc1jq3"/><default-style style-family="relationship" style-id="5uqd94dd62f0forouc4jgd91v5"/><default-style style-family="map" style-id="1g68k1ksh282lq9vg5liu3ekl1"/></theme-properties></style><style id="6k95s5jt5pb7ssri19891t59j3" name="Theme 2" type="theme"><theme-properties><default-style style-family="subTopic" style-id="07fq3u8rikpbstfv3nti4nbki4"/><default-style style-family="summary" style-id="10fvets4ijtflh54kg8rjk7ie0"/><default-style style-family="boundary" style-id="4mcbmc319dn7q5msti69r4bl3s"/><default-style style-family="calloutTopic" style-id="4sjh49nrcvqivhfli0v77qfgaj"/><default-style style-family="mainTopic" style-id="6agll8hhn955t7esmr0s3cmsac"/><default-style style-family="centralTopic" style-id="7t2p8f7td5pjfvsusbsrbajsvm"/><default-style style-family="summaryTopic" style-id="3qvshua74g60m407l988eh20pr"/><default-style style-family="floatingTopic" style-id="2pf6ugsc6bj0aun08lbu55lrio"/><default-style style-family="relationship" style-id="10g0fccibt3is0n7l1p2a9s47s"/><default-style style-family="map" style-id="5e9l655eek70toim9q1imp2q6f"/></theme-properties></style><style id="070mekadsjbjlo4b6juaq0h8dc" name="Theme 2" type="theme"><theme-properties><default-style style-family="subTopic" style-id="1pejg322h97l551s1mjcr89pu0"/><default-style style-family="summary" style-id="5snosovv5k2di0hb9gt5i1r8ja"/><default-style style-family="boundary" style-id="1qsjm56ev5rihk4ol6bbn936d1"/><default-style style-family="calloutTopic" style-id="4o3a6kogmk7agfh4vhmqo0v8t8"/><default-style style-family="mainTopic" style-id="2npv90mrbo0dvoph1jjtls1pqq"/><default-style style-family="centralTopic" style-id="1tre2vnjvohlj0u2vaa6rtor49"/><default-style style-family="summaryTopic" style-id="1kphi82gvrnvbbui9drgs7k5au"/><default-style style-family="floatingTopic" style-id="3hd4efdg9vb4td3i70tk88idhn"/><default-style style-family="relationship" style-id="6oqno5fsgs1ld72ef9u6ab8q53"/><default-style style-family="map" style-id="4uujll01dirqlgcpd2eh0hniq7"/></theme-properties></style></master-styles><styles><style id="4hpte0h6pn5hii04feijjp2mph" type="topic"><topic-properties border-line-color="#FFFFFF" border-line-width="1pt" fo:color="#FFFFFF" fo:font-family="Times New Roman" fo:font-size="11pt" fo:font-style="normal" fo:font-weight="normal" fo:text-align="center" fo:text-decoration="none" fo:text-transform="manual" line-class="org.xmind.branchConnection.curve" line-color="#FFFFFF" line-width="1pt" shape-class="org.xmind.topicShape.underline" svg:fill="none"/></style><style id="6r800am66oqdk93hlqqb9iku7u" type="map"><map-properties color-gradient="none" line-tapered="none" multi-line-colors="none"/></style></styles></xmap-styles>