<?xml version="1.0" encoding="UTF-8" standalone="no"?><xmap-revision-content xmlns="urn:xmind:xmap:xmlns:revision:1.0" xmlns:fo="http://www.w3.org/1999/XSL/Format" xmlns:svg="http://www.w3.org/2000/svg" xmlns:xhtml="http://www.w3.org/1999/xhtml" xmlns:xlink="http://www.w3.org/1999/xlink"><sheet id="33he9141su4nsa1nm4n2envdf8" modified-by="lloos" theme="070mekadsjbjlo4b6juaq0h8dc" timestamp="1577987932089"><topic id="46ghabo9pla8c00rnueglb4q93" modified-by="lloos" structure-class="org.xmind.ui.map.unbalanced" timestamp="1577987932089"><title>references</title><extensions><extension provider="org.xmind.ui.map.unbalanced"><content><right-number>1</right-number></content></extension></extensions><children><topics type="attached"><topic id="1guht5vgv15nlrk33ab7o139fm" modified-by="lloos" timestamp="1577961479700" xlink:href="file://C:/Users/lloos/OneDrive%20-%20bwedu/Projects/AnkiAddon/anki-addon-dev/addons21/XmindImport/resources/example_general_psychology.xmind"><title>general psychology</title></topic></topics></children></topic><title>ref</title></sheet></xmap-revision-content>