<?xml version="1.0" encoding="UTF-8" standalone="no"?><xmap-revision-content xmlns="urn:xmind:xmap:xmlns:revision:1.0" xmlns:fo="http://www.w3.org/1999/XSL/Format" xmlns:svg="http://www.w3.org/2000/svg" xmlns:xhtml="http://www.w3.org/1999/xhtml" xmlns:xlink="http://www.w3.org/1999/xlink"><sheet id="1bt0u8ahp0p8d41j6pto2d9q8t" modified-by="lloos" theme="18gihc3j41ie3t27um9eg7dcvh" timestamp="1594823958217" xmlns="urn:xmind:xmap:xmlns:content:2.0"><topic id="5eaalsdnfrg772ka2j6pmupnkh" modified-by="lloos" structure-class="org.xmind.ui.logic.right" timestamp="1573030274669"><title>clinical psychology</title><extensions><extension provider="org.xmind.ui.map.unbalanced"><content><right-number>-1</right-number></content></extension></extensions><children><topics type="attached"><topic id="39gqd4mhg32555lck1t33ib70t" modified-by="lloos" structure-class="org.xmind.ui.logic.right" timestamp="1573029996028"><title>investigates</title><children><topics type="attached"><topic id="1ijitnvjhg1b0lglikd7dknp0h" modified-by="lloos" timestamp="1573030003987"><title>psychological disorders</title><children><topics type="attached"><topic id="26pj114igt039ms9jpc1r2afno" modified-by="lloos" style-id="4hpte0h6pn5hii04feijjp2mph" timestamp="1573030276665"><title>examples</title><children><topics type="attached"><topic id="2dt2f6hmgutknau18vcfckvkkt" modified-by="lloos" timestamp="1573030029949"><title>anxiety disorders</title><children><topics type="attached"><topic id="5h7t01bohpviq2581t4atphedd" modified-by="lloos" style-id="4hpte0h6pn5hii04feijjp2mph" timestamp="1573030032849"><title>example</title><children><topics type="attached"><topic id="4plvhhm8na66sp2hf5meq437o1" modified-by="lloos" timestamp="1573030059387"><title>phobias</title><children><topics type="attached"><topic id="3608177csnr6upug1edj9nfu97" modified-by="lloos" style-id="4hpte0h6pn5hii04feijjp2mph" timestamp="1573030091148"><title>option for treatment</title><children><topics type="attached"><topic id="13plemlb7a6574h8hnqm5omuvb" modified-by="lloos" timestamp="1573030106387"><title>biological antidepressants</title><children><topics type="attached"><topic id="788vc5lde5kp5dpqj7idf7u9v2" modified-by="lloos" style-id="4hpte0h6pn5hii04feijjp2mph" timestamp="1573030135588"><title>especially effective ones</title><children><topics type="attached"><topic id="43p08frmml2td4lfp0enbkqnd4" modified-by="lloos" timestamp="1573030210417"><title>MAO-inhibitors</title><children><topics type="attached"><topic id="3spe5tjcfkfdod7av3p5b3csl4" modified-by="lloos" style-id="4hpte0h6pn5hii04feijjp2mph" timestamp="1573030258069"><title>inhibit release of</title><children><topics type="attached"><topic id="725pgmukesg0vqmof25tfm132n" modified-by="lloos" timestamp="1594823958217"><title>MAO</title></topic></topics></children></topic></topics></children></topic><topic id="2koenah8ebavhq2bl2u6u1lh4h" modified-by="lloos" timestamp="1594823948153"><title>Serotonin reuptake inhibitors</title><children><topics type="attached"><topic id="5bou6kjs2641c76q8ds5ood8ce" modified-by="lloos" style-id="4hpte0h6pn5hii04feijjp2mph" timestamp="1594823949838"><title/><children><topics type="attached"><topic id="2tq4ufdsbajd0rv28rsoed7r10" modified-by="lloos" timestamp="1594823951490"><title>Serotonin</title></topic></topics></children></topic></topics></children></topic></topics></children></topic></topics></children></topic></topics></children></topic></topics></children></topic></topics></children></topic></topics></children></topic><topic id="6evs6s91p1t90hllrf2emqfcfm" modified-by="lloos" timestamp="1573030288643"><title>schizophrenia</title><children><topics type="attached"><topic id="2qdg5f3jsvbljnakgk9m81dbr7" modified-by="lloos" style-id="4hpte0h6pn5hii04feijjp2mph" timestamp="1573030307941"><title>possible causes</title><children><topics type="attached"><topic id="5p9v7aubas5saohakvntmdndir" modified-by="lloos" timestamp="1573030315425"><title>biochemical factors</title><children><topics type="attached"><topic id="0aghm51vmc5jbkjut7uicpa5bn" modified-by="lloos" style-id="4hpte0h6pn5hii04feijjp2mph" timestamp="1573030318802"><title>may include</title><children><topics type="attached"><topic id="2rjmfhagpqe3t8k6taj6qlbgjl" modified-by="lloos" timestamp="1594823941929"><title>Serotonin</title></topic></topics></children></topic></topics></children></topic></topics></children></topic></topics></children></topic></topics></children></topic></topics></children></topic></topics></children></topic></topics></children></topic><title>clinical psychology</title></sheet></xmap-revision-content>