<?xml version="1.0" encoding="UTF-8" standalone="no"?><xmap-revision-content xmlns="urn:xmind:xmap:xmlns:revision:1.0" xmlns:fo="http://www.w3.org/1999/XSL/Format" xmlns:svg="http://www.w3.org/2000/svg" xmlns:xhtml="http://www.w3.org/1999/xhtml" xmlns:xlink="http://www.w3.org/1999/xlink"><sheet id="58c9emm00d048luacr7sp1ohl5" modified-by="lloos" theme="6k95s5jt5pb7ssri19891t59j3" timestamp="1573031129314"><topic id="6uucivj306fi6u07m9i9bv57d5" modified-by="lloos" structure-class="org.xmind.ui.logic.right" timestamp="1573031042911"><title>general psychology</title><extensions><extension provider="org.xmind.ui.map.unbalanced"><content><right-number>-1</right-number></content></extension></extensions><children><topics type="attached"><topic id="3ijhnhd14hg812tjaqfg8g5hr9" modified-by="lloos" structure-class="org.xmind.ui.logic.right" timestamp="1573031119976"><title>investigates</title><children><topics type="attached"><topic id="0ah6fc1fk2losqo1cpf39bct0f" modified-by="lloos" timestamp="1573031053639"><title>emotions</title><children><topics type="attached"><topic id="4btfk5dufc08ehigg83a9ao5j8" modified-by="lloos" style-id="4hpte0h6pn5hii04feijjp2mph" timestamp="1573031059847"><title>can be manipulated by</title><children><topics type="attached"><topic id="1ouerm12et7869vgepcgsfvgt8" modified-by="lloos" timestamp="1573031063182"><title>chemical substances</title><children><topics type="attached"><topic id="5q3gp7efkled9n9m2adm0f9aqo" modified-by="lloos" style-id="4hpte0h6pn5hii04feijjp2mph" timestamp="1573031065994"><title>example</title><children><topics type="attached"><topic id="4hf4df7s4nfl3oe6rqk38o66j4" modified-by="lloos" timestamp="1573031099010" xlink:href="xmind:#4r6avbt0pbuam4fg07jod0ubec"><title/></topic></topics></children></topic></topics></children></topic></topics></children></topic></topics></children></topic><topic id="7f0arh33ufio60ii4s9dko3bor" modified-by="lloos" timestamp="1573031129314" xlink:href="xmind:#4jf2lp878e4rn7pm85lca1vahr"><title/></topic></topics></children></topic></topics></children></topic><title>general psychology</title></sheet></xmap-revision-content>