<?xml version="1.0" encoding="UTF-8" standalone="no"?><xmap-revision-content xmlns="urn:xmind:xmap:xmlns:revision:1.0" xmlns:fo="http://www.w3.org/1999/XSL/Format" xmlns:svg="http://www.w3.org/2000/svg" xmlns:xhtml="http://www.w3.org/1999/xhtml" xmlns:xlink="http://www.w3.org/1999/xlink"><sheet id="2485j5qgetfevlt00vhrn53961" modified-by="lloos" style-id="6r800am66oqdk93hlqqb9iku7u" theme="3f1a763c722hdcr8bnodk70uco" timestamp="1579197475503" xmlns="urn:xmind:xmap:xmlns:content:2.0"><topic id="0pbme7b9sg9en8qqmmn9jj06od" modified-by="lloos" structure-class="org.xmind.ui.logic.right" timestamp="1573037764522"><title>biological psychology</title><extensions><extension provider="org.xmind.ui.map.unbalanced"><content><right-number>-1</right-number></content></extension></extensions><children><topics type="attached"><topic id="32dt8d2dflh4lr5oqc2oqqad28" modified-by="lloos" style-id="4hpte0h6pn5hii04feijjp2mph" timestamp="1578066262451"><title/><children><topics type="attached"><topic id="29qkib9g6gqsfqqmcqk2495kgc" modified-by="lloos" timestamp="1573032369029" xlink:href="xmind:#5eaalsdnfrg772ka2j6pmupnkh"><title/></topic></topics></children></topic><topic id="4kdqkutdha46uns1j8jndi43ht" modified-by="lloos" structure-class="org.xmind.ui.logic.right" timestamp="1573037764464"><title>investigates</title><children><topics type="attached"><topic id="4okvq29odoin406qmiq86vv1i1" modified-by="lloos" timestamp="1573030612793"><title>information transfer and processing</title><children><topics type="attached"><topic id="730ahk5oc4himfrdvkqc5ci1o2" modified-by="lloos" style-id="4hpte0h6pn5hii04feijjp2mph" timestamp="1579189044076"><title>requires</title><children><topics type="attached"><topic id="4r6avbt0pbuam4fg07jod0ubec" modified-by="lloos" timestamp="1578314907411"><title>neurotransmitters</title><children><topics type="attached"><topic id="485fcs7jl72gtqesace4v8igf0" modified-by="lloos" style-id="4hpte0h6pn5hii04feijjp2mph" timestamp="1573032291149"><title>types</title><children><topics type="attached"><topic id="78k8nsh3vfibpmq73kangacbll" modified-by="lloos" timestamp="1573032316683"><title>biogenic amines</title><children><topics type="attached"><topic id="08eq1rdricsp1nt1b7aa181sq4" modified-by="lloos" style-id="4hpte0h6pn5hii04feijjp2mph" timestamp="1579197475503"><title/><children><topics type="attached"><topic id="122vli15fp65smkg4v6pq54gi3" modified-by="lloos" timestamp="1573042892156"><title>Serotonin</title><children><topics type="attached"><topic id="4lrqok8ac9hec8u2c2ul4mpo4k" modified-by="lloos" style-id="4hpte0h6pn5hii04feijjp2mph" timestamp="1573030827817"><title>affects</title><children><topics type="attached"><topic id="519eu5jr1jkn93s5hmsscvm84i" modified-by="lloos" timestamp="1573030557630"><title>Sleep</title></topic><topic id="3nb97928e68dcu5512pft7gkcg" modified-by="lloos" timestamp="1573030835742" xlink:href="xmind:#5asru7kdmre8059cemi8p5lm3v"><title/></topic><topic id="0oh5dkl1rtd8qrv7sv6p67fl57" modified-by="lloos" timestamp="1573030587560" xlink:href="xmind:#1ijitnvjhg1b0lglikd7dknp0h"><title/></topic></topics></children></topic><topic id="4s27e1mvsb5jqoiuaqmnlo8m71" modified-by="lloos" style-id="4hpte0h6pn5hii04feijjp2mph" timestamp="1578315976621"><title>pronounciation</title><children><topics type="attached"><topic id="1s7h0rvsclrnvs8qq9u71acml5" modified-by="lloos" timestamp="1578315979641" xlink:href="xap:attachments/3lv2k1fhghfb9ghfb8depnqvdt.mp3"><title/></topic></topics></children></topic><topic id="077tf3ovn4gc1j1dqte7or33fl" modified-by="lloos" style-id="4hpte0h6pn5hii04feijjp2mph" timestamp="1573042889642"><title>difference to MAO</title><children><topics type="attached"><topic id="2kcf3k5g09u9ukv2m8qli363qj" modified-by="lloos" timestamp="1573043030527"><title>MAO is not a neurotransmitter</title></topic></topics></children></topic></topics></children></topic></topics></children><xhtml:img align="bottom" svg:height="65" svg:width="120" xhtml:src="xap:attachments/09r2e442o8lppjfeblf7il2rmd.png"/></topic></topics></children></topic></topics></children></topic></topics></children><xhtml:img align="bottom" svg:height="238" svg:width="400" xhtml:src="xap:attachments/629d18n2i73im903jkrjmr98fg.png"/></topic></topics></children></topic><topic id="7avqd95hi5tvj0kjcg2lne603g" modified-by="lloos" style-id="4hpte0h6pn5hii04feijjp2mph" timestamp="1573030618811"><title>modulated by</title><children><topics type="attached"><topic id="5e2cicue01ikp5vnq5pp46np83" modified-by="lloos" timestamp="1573031995294"><title>enzymes</title><children><topics type="attached"><topic id="7e1s0urn8376a2q371nujihuab" modified-by="lloos" style-id="4hpte0h6pn5hii04feijjp2mph" timestamp="1573030641426"><title>example</title><children><topics type="attached"><topic id="7blr5ubl6uf6c9beflm85jte19" modified-by="lloos" timestamp="1573042895467"><title>MAO</title><children><topics type="attached"><topic id="351v1hg3rt5vejrq10c1p3tko0" modified-by="lloos" style-id="4hpte0h6pn5hii04feijjp2mph" timestamp="1573030725078"><title>stands for</title><children><topics type="attached"><topic id="7qe0jemeupmn623ck7817kkmeg" modified-by="lloos" timestamp="1573030712545"><title>monoamine oxidase</title></topic></topics></children></topic><topic id="61irckf1nloq42brfmbu0ke92v" modified-by="lloos" style-id="4hpte0h6pn5hii04feijjp2mph" timestamp="1573032204755"><title>splits up</title><children><topics type="attached"><topic id="56ru8hj8k8361ppfrftrbahgvv" modified-by="lloos" timestamp="1573030747113" xlink:href="xmind:#122vli15fp65smkg4v6pq54gi3"><title/></topic><topic id="03eokjlomuockpeaqn2923nvvp" modified-by="lloos" timestamp="1573030774538"><title>dopamine</title></topic><topic id="3f5lmmd8mjhe3gkbnaih1m9q8j" modified-by="lloos" timestamp="1573030793617"><title>adrenaline</title></topic><topic id="73mo29opsuegqobtttlt2vbaqj" modified-by="lloos" timestamp="1573030803082"><title>noradrenaline</title></topic><topic id="6b0ho6vvcs4pcacchhsgju7513" modified-by="lloos" timestamp="1573032237973"><title/><children><topics type="attached"><topic id="6iivm8tpoqj2c0euaabtput14l" modified-by="lloos" style-id="4hpte0h6pn5hii04feijjp2mph" timestamp="1573032298736"><title>are</title><children><topics type="attached"><topic id="3oqcv5qlqhn28u1opce5i27709" modified-by="lloos" timestamp="1573032312025" xlink:href="xmind:#78k8nsh3vfibpmq73kangacbll"><title/></topic></topics></children></topic></topics></children></topic></topics></children></topic><topic id="49a1au2r1i2mvpkufnrs18lb2h" modified-by="lloos" style-id="4hpte0h6pn5hii04feijjp2mph" timestamp="1573042908368" xlink:href="xmind:#077tf3ovn4gc1j1dqte7or33fl"><title/></topic></topics></children></topic></topics></children></topic><topic id="4vfsmbd1fmn6s0tqmlj4cei7pe" modified-by="lloos" style-id="4hpte0h6pn5hii04feijjp2mph" timestamp="1573031995280"><title>completely unrelated animation</title><children><topics type="attached"><topic id="23nu73chqkkkem455dit5p8stu" modified-by="lloos" timestamp="1573031959463" xlink:href="xap:attachments/395ke7i9a6nkutu85fcpa66as2.mp4"><title/></topic></topics></children></topic></topics></children></topic></topics></children></topic></topics></children></topic><topic id="4jf2lp878e4rn7pm85lca1vahr" modified-by="lloos" timestamp="1573030820527"><title>perception</title><children><topics type="attached"><topic id="668iln3nrlmk5ibhnf4lvbbnmo" modified-by="lloos" style-id="4hpte0h6pn5hii04feijjp2mph" timestamp="1573032060935"><title/><children><topics type="attached"><topic id="5asru7kdmre8059cemi8p5lm3v" modified-by="lloos" timestamp="1573030941527"><title>Pain</title><children><topics type="attached"><topic id="1scualcvt0scjd9iaoblg568ld" modified-by="lloos" style-id="4hpte0h6pn5hii04feijjp2mph" timestamp="1573030868375"><title>can be inhibited by</title><children><topics type="attached"><topic id="3732cbg8qsmr8u4hn0bvljso06" modified-by="lloos" timestamp="1573031184792" xlink:href="xmind:#122vli15fp65smkg4v6pq54gi3"><title/></topic></topics></children></topic><topic id="4rdraflh6n2hl4a459g2urdkr6" modified-by="lloos" style-id="4hpte0h6pn5hii04feijjp2mph" timestamp="1573030978953"><title>triggered by</title><children><topics type="attached"><topic id="2mbb2crv3tdgr131i9j538n0ga" modified-by="lloos" timestamp="1573031995280"><title>nociceptors</title><children><topics type="attached"><topic id="4q3e21ritrvitgmjialvadn2m6" modified-by="lloos" style-id="4hpte0h6pn5hii04feijjp2mph" timestamp="1573030995015"><title>can be</title><children><topics type="attached"><topic id="2jf5kkori2h7sdja7cgje5i71e" modified-by="lloos" timestamp="1573031000699"><title>chemical</title><children><topics type="attached"><topic id="7ite3obkfmbchr1pc6ib0o7rga" modified-by="lloos" style-id="4hpte0h6pn5hii04feijjp2mph" timestamp="1573031007256"><title>can be triggered by</title><children><topics type="attached"><topic id="4igsvlhm7ql9g1lku7gp1s1trt" modified-by="lloos" timestamp="1573031013642" xlink:href="xmind:#122vli15fp65smkg4v6pq54gi3"><title/></topic></topics></children></topic></topics></children></topic></topics></children></topic></topics></children></topic></topics></children></topic></topics></children></topic></topics></children></topic></topics></children></topic></topics></children></topic></topics></children></topic><title>biological psychology</title><sheet-settings><info-items><info-item mode="card" type="org.xmind.ui.infoItem.notes"/><info-item mode="icon" type="org.xmind.ui.infoItem.taskInfo"/><info-item mode="card" type="org.xmind.ui.infoItem.label"/></info-items></sheet-settings><legend visibility="hidden"><position svg:x="1367" svg:y="599"/></legend></sheet></xmap-revision-content>